<?xml version="1.0" encoding="UTF-8"?>
<project-private xmlns="http://www.netbeans.org/ns/project-private/1">
    <editor-bookmarks xmlns="http://www.netbeans.org/ns/editor-bookmarks/2" lastBookmarkId="0"/>
    <open-files xmlns="http://www.netbeans.org/ns/projectui-open-files/2">
        <group>
            <file>file:/E:/Dominic%20Lischtschuk/Documents/NetBeansProjects/Cookie%20Clicker%20-%20Gross/src/Draw/Draw_Options.java</file>
            <file>file:/E:/Dominic%20Lischtschuk/Documents/NetBeansProjects/Cookie%20Clicker%20-%20Gross/src/Actions/Highscore.java</file>
            <file>file:/E:/Dominic%20Lischtschuk/Documents/NetBeansProjects/Cookie%20Clicker%20-%20Gross/src/GUI/Gui.java</file>
            <file>file:/E:/Dominic%20Lischtschuk/Documents/NetBeansProjects/Cookie%20Clicker%20-%20Gross/src/Draw/Draw_Start.java</file>
            <file>file:/E:/Dominic%20Lischtschuk/Documents/NetBeansProjects/Cookie%20Clicker%20-%20Gross/src/Actions/Main.java</file>
            <file>file:/E:/Dominic%20Lischtschuk/Documents/NetBeansProjects/Cookie%20Clicker%20-%20Gross/src/Actions/Audio.java</file>
            <file>file:/E:/Dominic%20Lischtschuk/Documents/NetBeansProjects/Cookie%20Clicker%20-%20Gross/src/Draw/Draw_Highscore.java</file>
            <file>file:/E:/Dominic%20Lischtschuk/Documents/NetBeansProjects/Cookie%20Clicker%20-%20Gross/src/Actions/MouseHandler.java</file>
        </group>
    </open-files>
</project-private>
